DATE,ISSUER,TYPE,SIZE,INDUSTRY,LEAD UNDERWRITER
2006-01-28,US Bank N.A. ,Global Notes,1000.21,Finance,Lehman Brothers
2006-01-28,Alliance National Muni Income Fund ,Initial Public Offering,283.60,Finance,Salomon Smith Barney
2006-01-28,Lloyds Bank Plc NY ,CD Notes,200.58,Finance,Merrill Lynch
2006-01-28,FBR Asset Investment Corp ,Equity Follow-On Offering,127.20,Real Estate,"Friedman, Billings, Ramsey"
2006-01-28,Alliance California Muni Income Fund ,Initial Public Offering,117.10,Finance,Salomon Smith Barney
2006-01-28,SeaChange International Inc ,Equity Follow-On Offering,104.20,Computers & Electronics,Morgan Stanley
2006-01-28,National City Bank ,Bank Notes,100.21,Finance,J.P. Morgan
2006-01-28,Rabobank Nederland ,CD Notes,80.30,Finance,Merrill Lynch
2006-01-28,Synaptics Inc ,Initial Public Offering,55.20,Computers & Electronics,Bear Stearns
2006-01-29,Barclays Bank PLC-NY ,CD Notes,1000.20,Finance,Banc of America Securities
2006-01-29,Southern Co. Capital Funding ,Sr Notes,400.20,Utility,Goldman Sachs
2006-01-29,Coventry HealthcareInc ,Equity Follow-On Offering,136.50,Healthcare,Salomon Smith Barney
2006-01-29,Bank One Dayton NA ,CD Notes,125.40,Finance,Banc of America Securities
2006-01-29,Bank One NA Illinois ,Bank Notes,125.41,Finance,Banc of America Securities
2006-01-29,Bank of Nova Scotia ,Global Notes,100.21,Finance,Banc of America Securities
2006-01-29,Bank of Scotland ,CD Notes,100.21,Finance,Merrill Lynch
2006-01-29,Alliance New York Muni Income Fund ,Initial Public Offering,68.63,Finance,Salomon Smith Barney
2006-01-30,Chugach Electic Assoc Inc ,Sr Notes,180.20,Utility,J.P. Morgan
2006-01-30,Bayerische Landesbank (New York) ,CD Notes,100.21,Finance,Banc of America Securities
2006-01-31,Toronto Dominion Bank ,CD Notes,200.57,Finance,Merrill Lynch
2006-01-31,Canadian Imperial Bank of Commerce ,CD Notes,155.20,Finance,Merrill Lynch
2006-01-31,Smurfit-Stone Container Corp ,Equity Follow-On Offering,115.13,Paper & Packaging,Morgan Stanley
2006-01-31,Photon Dynamics Inc ,Equity Follow-On Offering,100.35,Computers & Electronics,Merrill Lynch
2006-01-31,Credit Agricole New York ,CD Notes,100.21,Finance,Merrill Lynch
2006-01-31,Rabobank Nederland ,CD Notes,90.20,Finance,Merrill Lynch
2006-01-31,Federal Home Loan Banks ,Bonds,69.70,Finance,Merrill Lynch
2006-02-01,American Express Credit Corp. ,Sr Notes,250.38,Finance,Morgan Stanley
2006-02-01,ESS Technology Inc ,Equity Follow-On Offering,93.02,Computers & Electronics,Needham & Company
2006-02-04,Toronto Dominion Bank ,CD Notes,100.21,Finance,Merrill Lynch
2006-02-04,SangStat Medical Corp ,Equity Follow-On Offering,77.63,Healthcare,Merrill Lynch
2006-02-05,Aramark Corporation ,Equity Follow-On Offering,793.50,Retail,Goldman Sachs
2006-02-05,Societe Generale-NY ,CD Notes,700.14,Finance,Merrill Lynch
2006-02-05,Norddeutsche Landesbank ,CD Notes,650.10,Finance,Merrill Lynch
2006-02-05,Deutsche Bank AG ,CD Notes,350.23,Finance,Merrill Lynch
2006-02-05,Societe Generale-NY ,CD Notes,300.42,Finance,Merrill Lynch
2006-02-05,Rabobank Nederland ,CD Notes,200.56,Finance,Merrill Lynch
2006-02-05,Svenska Handlesbanken-NY ,CD Notes,195.00,Finance,Merrill Lynch
2006-02-05,Nordea Bank Finland NY ,CD Notes,150.27,Finance,Merrill Lynch
2006-02-05,Huntington National Bank ,CD Notes,105.11,Finance,Banc of America Securities
2006-02-05,Bank One NA Illinois ,Notes,100.21,Finance,Merrill Lynch
2006-02-05,Royal Bank of Canada ,CD Notes,60.20,Finance,Merrill Lynch
2006-02-06,Credit Agricole New York ,CD Notes,200.55,Finance,Merrill Lynch
2006-02-06,"Netscreen Technologies, Inc. ",Equity Follow-On Offering,184.00,Computers & Electronics,Goldman Sachs
2006-02-06,Deutsche Bank AG ,CD Notes,130.10,Finance,Merrill Lynch
2006-02-06,ManTech International Corp ,Initial Public Offering,115.20,Defense Contractors,Jefferies & Company
2006-02-06,Westpac Banking Corp. ,CD Notes,100.21,Finance,Merrill Lynch
2006-02-07,CarrAmerica Realty Corporation ,Equity Follow-On Offering,550.47,Real Estate,Goldman Sachs
2006-02-07,General Electric Capital Corporation ,Global Notes,200.54,Finance,Salomon Smith Barney
2006-02-07,Bayer Hypo Vereinsbnk NY ,CD Notes,100.20,Finance,J.P. Morgan
2006-02-07,International Speedway Corp ,Equity Follow-On Offering,100.20,Leisure & Recreation,Salomon Smith Barney
2006-02-07,Actuant Corp ,Equity Follow-On Offering,91.50,Machinery,Wachovia Securities
2006-02-07,UBS AG Stamford ,CD Notes,85.00,Finance,Merrill Lynch
2006-02-08,Bayerische Landesbank (New York) ,CD Notes,100.20,Finance,J.P. Morgan
2006-02-08,Municipal Mortgage & Equity LLC,Equity Follow-On Offering,74.10,Finance,Merrill Lynch
2006-02-08,Impac Mortgage Holdings Inc ,Equity Follow-On Offering,61.88,Real Estate,UBS Warburg
2006-02-11,American Express Centurion Bank ,Bank Notes,150.26,Finance,Salomon Smith Barney
2006-02-11,Freddie Mac (FHLMC) ,Sr Notes,110.00,Finance,Merrill Lynch
2006-02-12,General Electric Capital Corporation ,Global Notes,1250.30,Finance,Lehman Brothers
2006-02-12,Freddie Mac (FHLMC) ,Global Notes,1100.00,Finance,Merrill Lynch
2006-02-12,Deutsche Bank AG ,CD Notes,200.53,Finance,Merrill Lynch
2006-02-12,Fisher Scientific International ,Equity Follow-On Offering,193.05,Healthcare,Goldman Sachs
2006-02-12,Trinity Industries ,Notes,170.00,Metal & Steel,J.P. Morgan
2006-02-12,Thoratec Corp ,Equity Follow-On Offering,112.00,Healthcare,Lehman Brothers
2006-02-12,Commerzbank AG ,CD Notes,100.20,Finance,Merrill Lynch
2006-02-13,Citigroup Inc. ,Global Notes,1500.13,Finance,Salomon Smith Barney
2006-02-13,"Public Storage, Inc. ",Preferred Securities,1500.14,Real Estate,Salomon Smith Barney
2006-02-13,Kamps AG ,Sr Notes,283.50,Food & Beverage,J.P. Morgan
2006-02-13,Deutsche Bank-NY ,CD Notes,250.36,Finance,Banc of America Securities
2006-02-13,Verizon Communications Inc. ,Preferred Securities,250.37,Telecommunications,Merrill Lynch
2006-02-13,National City Bank Indiana ,Bank Notes,115.00,Finance,J.P. Morgan
2006-02-13,Thornburg Mortgage Asset Corp ,Equity Follow-On Offering,104.81,Real Estate,UBS Warburg
2006-02-13,Canadian Imperial Bk-NY Agency ,CD Notes,100.20,Finance,J.P. Morgan
2006-02-14,Teppco Partners Global ,Sr Notes,500.40,Oil & Gas,UBS Warburg
2006-02-14,American Express Centurion Bank ,Bank Notes,100.20,Finance,Banc of America Securities
2006-02-14,Key Bank NA ,Bank Notes,100.20,Finance,J.P. Morgan
2006-02-14,PayPal Inc ,Initial Public Offering,70.20,Finance,Salomon Smith Barney
2006-02-15,Senior Housing Properties Trust ,Equity Follow-On Offering,205.80,Real Estate,UBS Warburg
2006-02-15,Bayerische Landesbank (New York) ,CD Notes,90.10,Finance,Banc of America Securities
2006-02-19,Procter and Gamble Company ,Sr Notes,400.19,Consumer Products,Goldman Sachs
2006-02-19,Cinergy Corp ,Equity Follow-On Offering,203.45,Utility,Merrill Lynch
2006-02-19,Bank of New York ,CD Notes,125.30,Finance,Merrill Lynch
2006-02-19,Bank One NA Illinois ,Bank Notes,100.19,Finance,Barclays Capital
2006-02-19,Bank One NA Illinois ,Bank Notes,100.20,Finance,Merrill Lynch
2006-02-19,Canadian Imperial Bk-NY Agency ,CD Notes,100.20,Finance,J.P. Morgan
2006-02-19,Westpac Banking Corp NY ,CD Notes,100.20,Finance,J.P. Morgan
2006-02-20,"Prudential Financial, Inc. ",Equity Follow-On Offering,3478.75,Insurance,Goldman Sachs
2006-02-20,Verizon Maryland ,Global Notes,500.39,Telecommunications,J.P. Morgan
2006-02-20,Burlington Resources Inc. ,Sr Notes,350.22,Oil & Gas,J.P. Morgan
2006-02-20,Svenska Handlesbanken-NY ,CD Notes,205.10,Finance,Merrill Lynch
2006-02-20,National City Bank Indiana ,Bank Notes,200.52,Finance,Banc of America Securities
2006-02-20,Canadian Imperial Bk-NY Agency ,CD Notes,100.19,Finance,J.P. Morgan
2006-02-20,Seebeyond Technology Corp ,Equity Follow-On Offering,82.04,Computers & Electronics,Morgan Stanley
2006-02-20,Bank One NA Illinois ,Bank Notes,65.30,Finance,Merrill Lynch
2006-02-21,American Express Credit Corp. ,Sr Notes,300.39,Finance,Credit Suisse First Boston
2006-02-21,Barclays Bank PLC-NY ,CD Notes,300.40,Finance,Banc of America Securities
2006-02-21,Southern Natural Gas Company ,Bonds,300.41,Oil & Gas,Credit Suisse First Boston
2006-02-21,IMC Global Inc ,Equity Follow-On Offering,60.63,Chemicals,J.P. Morgan
2006-02-21,National City Bank ,Bank Notes,60.10,Finance,J.P. Morgan
2006-02-22,Vendee Mortgage Trust ,Mortgage Bonds,349.00,Finance,Merrill Lynch
2006-02-22,Everest Re Group Ltd ,Equity Follow-On Offering,347.50,Insurance,J.P. Morgan
2006-02-22,Bank of New York ,CD Notes,200.51,Finance,Salomon Smith Barney
2006-02-22,Royal Bank of Canada ,CD Notes,100.19,Finance,Merrill Lynch
2006-02-22,Charter Municipal Mortgage,Equity Follow-On Offering,85.09,Finance,UBS Warburg
2006-02-22,TTM Technologies Inc ,Equity Follow-On Offering,53.55,Computers & Electronics,Robertson Stephens
2006-02-25,Cohen & Steers Quality Income Fund ,Initial Public Offering,510.00,Real Estate,Merrill Lynch
2006-02-25,XCEL Energy Inc ,Equity Follow-On Offering,450.40,Utility,Lehman Brothers
2006-02-25,"Utilicorp United, Inc. ",Preferred Securities,250.35,Utility,Morgan Stanley
2006-02-25,Huntington National Bank ,Bank Notes,100.19,Finance,J.P. Morgan
2006-02-25,Credit Agricole New York ,CD Notes,65.20,Finance,Merrill Lynch
2006-02-26,Southwest Airlines Company ,Sr Notes,385.00,Transportation,Merrill Lynch
2006-02-26,Comerica Bank ,Bank Notes,200.50,Finance,Salomon Smith Barney
2006-02-26,Integrated Defense Technologies Inc ,Initial Public Offering,154.00,Defense Contractors,Credit Suisse First Boston
2006-02-26,Blackrock Strategic Bond Trust ,Initial Public Offering,105.10,Finance,UBS Warburg
2006-02-26,Australia & New Zealand Bank Grp,CD Notes,100.19,Finance,Merrill Lynch
2006-02-26,Enbridge Energy Partners LP ,Equity Follow-On Offering,94.05,Oil & Gas,Salomon Smith Barney
2006-02-26,Corporate Executive Board Co ,Equity Follow-On Offering,61.00,Professional Services,Deutsche Bank
2006-02-27,Citigroup Inc. ,Global Notes,1500.11,Finance,Salomon Smith Barney
2006-02-27,JP Morgan Chase ,Global Notes,1500.12,Finance,J.P. Morgan
2006-02-27,"Coca-Cola Company, The ",Notes,500.38,Food & Beverage,Goldman Sachs
2006-02-27,Bayerische Hypotheken,Bonds,300.38,Finance,Merrill Lynch
2006-02-27,American Express Centurion Bank ,Bank Notes,100.19,Finance,Wachovia Securities
2006-02-27,Apex Mortgage Capital Inc ,Equity Follow-On Offering,84.80,Real Estate,Credit Suisse First Boston
2006-02-27,Credit Agricole New York ,CD Notes,65.10,Finance,Merrill Lynch
2006-02-27,Bank of Scotland ,CD Notes,55.10,Finance,Merrill Lynch
2006-02-28,Amerada Hess Corp. ,Sr Notes,600.30,Oil & Gas,Goldman Sachs
2006-02-28,Key Bank NA ,Bank Notes,300.37,Finance,Salomon Smith Barney
2006-02-28,Tesoro Petroleum Corp ,Equity Follow-On Offering,225.40,Oil & Gas,Lehman Brothers
2006-02-28,Royal Bank of Canada ,CD Notes,155.10,Finance,Merrill Lynch
2006-02-28,Comerica Bank ,Bank Notes,150.25,Finance,J.P. Morgan
2006-02-28,Toronto Dominion Bank ,CD Notes,100.19,Finance,Merrill Lynch
2006-02-28,Wright Medical Group Inc ,Equity Follow-On Offering,92.40,Healthcare,J.P. Morgan
2006-03-01,Fleet Capital Trust VIII ,Preferred Securities,500.37,Finance,Salomon Smith Barney
2006-03-01,Comerica Bank ,Bank Notes,160.00,Finance,J.P. Morgan
2006-03-01,LaSalle Hotel Properties ,Preferred Securities,87.00,Real Estate,Raymond James & Associates
2006-03-04,Rabobank Nederland ,CD Notes,500.34,Finance,Merrill Lynch
2006-03-04,"Wal-Mart Stores, Inc. ",Global Notes,500.35,Retail,J.P. Morgan
2006-03-04,Wells Fargo & Company ,Global Notes,500.36,Finance,Lehman Brothers
2006-03-04,Banque Paribas-New York ,CD Notes,350.19,Finance,Merrill Lynch
2006-03-04,Credit Agricole New York ,CD Notes,350.20,Finance,Merrill Lynch
2006-03-04,UBS AG Stamford ,CD Notes,350.21,Finance,Merrill Lynch
2006-03-04,Province of Ontario ,Bonds,250.34,Finance,Goldman Sachs
2006-03-04,Abbey National Treasury Services Plc ,CD Notes,200.48,Finance,Merrill Lynch
2006-03-04,Lloyds TSB Group plc ,CD Notes,200.49,Finance,Merrill Lynch
2006-03-04,Toronto Dominion Bank NY ,CD Notes,60.00,Finance,Merrill Lynch
2006-03-05,Landwirtschaftliche Rentenbank ,Global Notes,1250.20,Finance,Merrill Lynch
2006-03-05,Anadarko Petroleum Corporation ,Sr Notes,400.17,Oil & Gas,Salomon Smith Barney
2006-03-05,CSX Corp ,Sr Notes,400.18,Transportation,Salomon Smith Barney
2006-03-05,Tembec Inc. ,Sr Notes,350.18,Construction/Bldg Prods,Goldman Sachs
2006-03-05,Rabobank Nederland ,CD Notes,275.00,Finance,Merrill Lynch
2006-03-05,Consol Energy ,Notes,250.33,Oil & Gas,Salomon Smith Barney
2006-03-05,Toronto Dominion Bank NY ,CD Notes,200.47,Finance,Merrill Lynch
2006-03-05,Integrated Defense Technologies,Equity Follow-On Offering,177.10,Defense Contractors,Credit Suisse First Boston
2006-03-05,Natexis Banque-NY ,CD Notes,150.24,Finance,J.P. Morgan
2006-03-05,Boeing Capital Corporation ,Sr Notes,120.00,Finance,Merrill Lynch
2006-03-05,"Comerica, Inc. ",CD Notes,100.19,Finance,Merrill Lynch
2006-03-05,Tsakos Energy Navigation Ltd ,Equity Follow-On Offering,95.26,Transportation,J.P. Morgan
2006-03-06,BP Capital Markets Plc ,Sr Notes,500.32,Finance,Deutsche Bank
2006-03-06,BP Capital Markets Plc ,Global Notes,500.33,Finance,Deutsche Bank
2006-03-06,Barclays Bank PLC-NY ,CD Notes,250.32,Finance,Banc of America Securities
2006-03-06,Bayerische Landesbank (New York) ,CD Notes,210.10,Finance,J.P. Morgan
2006-03-06,Hollywood Entertainment Corp ,Equity Follow-On Offering,105.00,Leisure & Recreation,UBS Warburg
2006-03-06,"Comerica, Inc. ",CD Notes,100.19,Finance,Merrill Lynch
2006-03-06,Olin Corp ,Equity Follow-On Offering,57.80,Chemicals,Morgan Stanley
2006-03-07,"St. Paul Companies, Inc. ",Notes,500.31,Insurance,Salomon Smith Barney
2006-03-07,"Jefferies Group, Inc. ",Global Notes,325.10,Finance,Salomon Smith Barney
2006-03-07,"Cardinal Health, Inc. ",Sr Notes,300.36,Healthcare,Merrill Lynch
2006-03-07,"Petco Animal Supplies, Inc. ",Equity Follow-On Offering,275.50,Retail,Merrill Lynch
2006-03-07,UTStarcom ,Equity Follow-On Offering,232.88,Computers & Electronics,Merrill Lynch
2006-03-07,Cinergy ,Equity Follow-On Offering,200.21,Electric Services ,Merrill Lynch
2006-03-07,ABN Amro Bank N.V.-Chicago ,CD Notes,150.23,Finance,Banc of America Securities
2006-03-07,"Algemene Bank, Chicago ",CD Notes,100.18,Finance,Merrill Lynch
2006-03-07,Caixa Geral de Depositos ,CD Notes,100.18,Finance,Banc of America Securities
2006-03-07,Columbus Bank & Trust ,CD Notes,100.18,Finance,Merrill Lynch
2006-03-07,Westdeutsche Landesbank,CD Notes,100.19,Finance,Banc of America Securities
2006-03-07,UBS AG Stamford ,CD Notes,65.00,Finance,Banc of America Securities
2006-03-08,JP Morgan Chase Sub ,Notes,1000.19,Finance,J.P. Morgan
2006-03-08,Landesbank Baden-Wuertemberg ,CD Notes,500.30,Finance,J.P. Morgan
2006-03-08,Barclays Bank PLC-NY ,CD Notes,300.35,Finance,Banc of America Securities
2006-03-08,Toronto Dominion Bank ,CD Notes,125.20,Finance,Banc of America Securities
2006-03-08,ABN Amro Bank N.V.-Chicago ,CD Notes,100.18,Finance,Banc of America Securities
2006-03-08,National City Bank Flt Rate Bank ,Notes,100.18,Finance,Banc of America Securities
2006-03-11,Wells Fargo Bank NA ,CD Notes,1000.18,Finance,Banc of America Securities
2006-03-11,"Export Development Corp, Canada",Notes,300.34,Finance,Deutsche Bank
2006-03-11,Anteon International Corp ,Initial Public Offering,270.00,Computers & Electronics,Goldman Sachs
2006-03-11,Rubbermaid Inc. ,Notes,250.30,Consumer Products,Banc of America Securities
2006-03-11,Rubbermaid Inc. ,Sr Notes,250.31,Consumer Products,Banc of America Securities
2006-03-11,Bank of Scotland ,CD Notes,150.21,Finance,Merrill Lynch
2006-03-11,Svenska-Handelsbanken ,CD Notes,150.22,Finance,Merrill Lynch
2006-03-11,CBL & Associates Properties Inc ,Equity Follow-On Offering,100.73,Real Estate,Goldman Sachs
2006-03-11,Avaya Inc ,Equity Follow-On Offering,100.30,Telecommunications,Bear Stearns
2006-03-11,UBS AG Stamford ,CD Notes,100.18,Finance,Banc of America Securities
2006-03-11,A.C. Moore Arts & Crafts Inc ,Equity Follow-On Offering,81.60,Retail,"Adams, Harkness & Hill Inc."
2006-03-12,Bayer Corp. ,Sr Notes,500.29,Chemicals,Credit Suisse First Boston
2006-03-12,General Electric Capital Corporation ,Global Notes,100.18,Finance,Salomon Smith Barney
2006-03-12,Regal-Beloit Corp ,Equity Follow-On Offering,83.09,Machinery,Robert W. Baird
2006-03-12,Gulfmark Offshore Inc ,Equity Follow-On Offering,53.10,Oil & Gas,Lehman Brothers
2006-03-13,Dominion Resources Inc ,Equity Follow-On Offering,561.65,Utility,Salomon Smith Barney
2006-03-13,Royal Bank of Canada ,CD Notes,200.46,Finance,Merrill Lynch
2006-03-13,Metro-Goldwyn-Mayer Inc ,Equity Follow-On Offering,174.08,Leisure & Recreation,Goldman Sachs
2006-03-13,Developers Diversified Realty Corp,Bank Notes,100.18,Real Estate,Credit Suisse First Boston
2006-03-13,Mississippi Power Company ,Sr Notes,80.20,Utility,Lehman Brothers
2006-03-13,Norddeutsche Landesbank ,CD Notes,75.40,Finance,J.P. Morgan
2006-03-13,Helix Technology Corp ,Equity Follow-On Offering,60.75,Computers & Electronics,Morgan Stanley
2006-03-14,Bayerische Landesbank (New York) ,CD Notes,200.44,Finance,J.P. Morgan
2006-03-14,Steel Dynamics ,Sr Notes,200.45,Metal & Steel,Morgan Stanley
2006-03-14,Canadian Imperial Bank of Commerce ,CD Notes,100.18,Finance,Banc of America Securities
2006-03-15,Republic of Italy ,Global Notes,2000.00,Finance,Merrill Lynch
2006-03-15,Bayerische Landesbank (New York) ,CD Notes,500.27,Finance,Banc of America Securities
2006-03-15,UBS AG Stamford ,CD Notes,500.28,Finance,Merrill Lynch
2006-03-15,Credit Agricole New York ,CD Notes,300.32,Finance,Merrill Lynch
2006-03-15,Northwest Airlines Corporation ,Sr Notes,300.33,Transportation,Morgan Stanley
2006-03-15,Canadian Imperial Bk-NY Agency ,CD Notes,200.43,Finance,Banc of America Securities
2006-03-15,Banque Paribas-New York ,CD Notes,150.20,Finance,Merrill Lynch
2006-03-15,"Royal Bank of Scotland Group, plc ",CD Notes,125.10,Finance,Merrill Lynch
2006-03-15,Dresdner Bank AG ,CD Notes,100.17,Finance,Merrill Lynch
2006-03-15,Norddeutsche Landesbank ,CD Notes,100.17,Finance,Merrill Lynch
2006-03-15,Wells Fargo Financial Inc ,Sr Notes,100.18,Finance,Banc of America Securities
2006-03-18,Royal Bank of Canada-New York ,CD Notes,800.00,Finance,Salomon Smith Barney
2006-03-18,Landesbank Baden-Wuertemberg ,CD Notes,500.24,Finance,Salomon Smith Barney
2006-03-18,National City Bank ,Bank Notes,500.25,Finance,Salomon Smith Barney
2006-03-18,Westdeutsche Landesbank,CD Notes,500.26,Finance,Salomon Smith Barney
2006-03-18,Landesbank Baden-Wuertemberg ,CD Notes,250.29,Finance,Salomon Smith Barney
2006-03-18,Bank of Nova Scotia ,CD Notes,200.42,Finance,Merrill Lynch
2006-03-18,PAM TransportationServices Inc ,Equity Follow-On Offering,76.45,Transportation,Stephens Inc.
2006-03-18,Home Properties of New York,Preferred Securities,52.18,Real Estate,Bear Stearns
2006-03-19,Bank One NA Illinois ,Global Notes,1500.10,Finance,Bank One Capital Markets
2006-03-19,Bayerische Landesbank ,CD Notes,1000.17,Finance,Merrill Lynch
2006-03-19,CIBC-NY ,CD Notes,600.20,Finance,Merrill Lynch
2006-03-19,Bank of Montreal ,CD Notes,250.28,Finance,Merrill Lynch
2006-03-19,United Rentals Inc ,Equity Follow-On Offering,220.00,Finance,Credit Suisse First Boston
2006-03-19,ABN Amro Bank N.V.-Chicago ,CD Notes,100.17,Finance,Merrill Lynch
2006-03-19,"Algemene Bank, Chicago ",CD Notes,100.17,Finance,Merrill Lynch
2006-03-19,Bank of Nova Scotia ,CD Notes,100.17,Finance,Merrill Lynch
2006-03-19,Canadian Imperial Bk-NY Agency ,CD Notes,100.17,Finance,Salomon Smith Barney
2006-03-19,Societe Generale-NY ,CD Notes,100.17,Finance,Merrill Lynch
2006-03-20,Devon Energy Corporation ,Sr Notes,1000.16,Oil & Gas,UBS Warburg
2006-03-20,Rabobank Nederland ,CD Notes,500.23,Finance,Merrill Lynch
2006-03-20,Svenska-Handelsbanken ,CD Notes,400.16,Finance,Merrill Lynch
2006-03-20,Barclays Bank PLC-NY ,CD Notes,300.31,Finance,Merrill Lynch
2006-03-20,Rabobank Nederland NY Branch ,CD Notes,267.00,Finance,Morgan Stanley
2006-03-20,UBS AG Stamford CT ,CD Notes,250.27,Finance,Morgan Stanley
2006-03-20,Toronto Dominion Bank NY ,CD Notes,200.41,Finance,Salomon Smith Barney
2006-03-20,"Brown & Brown, Inc. ",Equity Follow-On Offering,157.50,Insurance,J.P. Morgan
2006-03-20,Comerica Bank ,Bank Notes,150.18,Finance,Salomon Smith Barney
2006-03-20,Sparbankernas Bank ,CD Notes,150.19,Finance,Merrill Lynch
2006-03-20,Westdeutsche Landesbank,CD Notes,130.00,Finance,Merrill Lynch
2006-03-20,Wright Medical Group ,Equity Follow-On Offering,106.26,Healthcare,J.P. Morgan
2006-03-20,Canadian Imperial Bank of Commerce ,CD Notes,100.16,Finance,Merrill Lynch
2006-03-20,Credit Agricole New York ,CD Notes,100.17,Finance,Merrill Lynch
2006-03-20,Svenska Handlesbanken-NY ,CD Notes,100.17,Finance,Merrill Lynch
2006-03-20,Toronto Dominion Bank ,CD Notes,100.17,Finance,Merrill Lynch
2006-03-20,Tsakos Energy Navigation Limited ,Equity Follow-On Offering,95.25,Transportation,J.P. Morgan
2006-03-20,Caminus Corp ,Equity Follow-On Offering,79.00,Computers & Electronics,Banc of America Securities
2006-03-20,Discover Bank ,CD Notes,54.36,Finance,Morgan Stanley
2006-03-21,Travelers Property Casualty Corp ,Initial Public Offering,3885.00,Insurance,Salomon Smith Barney
2006-03-21,Freddie Mac (FHLMC) ,Sr Notes,614.90,Finance,Merrill Lynch
2006-03-21,Canadian Imperial Bank of Commerce ,CD Notes,550.10,Finance,Merrill Lynch
2006-03-21,Credit Agricole New York ,CD Notes,500.22,Finance,Merrill Lynch
2006-03-21,Rabobank Nederland NY Branch ,CD Notes,300.30,Finance,Morgan Stanley
2006-03-21,Rabobank Nederland ,CD Notes,250.26,Finance,Merrill Lynch
2006-03-21,Key Bank NA ,Bank Notes,225.30,Finance,Morgan Stanley
2006-03-21,KBC Bank Fund Trust III ,CD Notes,206.10,Finance,Merrill Lynch
2006-03-21,Canadian Imperial Bk-NY Agency ,CD Notes,200.40,Finance,J.P. Morgan
2006-03-21,Den Danske-NY ,CD Notes,100.16,Finance,Merrill Lynch
2006-03-21,Dexia Bank NY Branch ,CD Notes,100.16,Finance,Morgan Stanley
2006-03-21,Westdeutsche Landesbank,CD Notes,100.16,Finance,Merrill Lynch
2006-03-21,Toronto Dominion Bank ,CD Notes,95.00,Finance,Merrill Lynch
2006-03-21,Global Industries Ltd ,Equity Follow-On Offering,76.50,Oil & Gas,Credit Suisse First Boston
2006-03-21,Sypris Solutions Inc ,Equity Follow-On Offering,52.20,Computers & Electronics,Needham & Company
2006-03-22,Barclays Bank PLC-NY ,CD Notes,550.00,Finance,Merrill Lynch
2006-03-22,Bank of Nova Scotia ,CD Notes,350.17,Finance,Merrill Lynch
2006-03-22,Bayerische Landesbank (New York) ,CD Notes,325.00,Finance,Morgan Stanley
2006-03-22,Bank of New York ,CD Notes,200.39,Finance,Morgan Stanley
2006-03-22,Abbey National Treasury Services Plc ,CD Notes,100.16,Finance,Merrill Lynch
2006-03-22,Bank of Nova Scotia ,CD Notes,100.16,Finance,J.P. Morgan
2006-03-22,Bank of Nova Scotia ,CD Notes,100.16,Finance,Merrill Lynch
2006-03-22,Credit Agricole Indosuez ,CD Notes,100.16,Finance,Salomon Smith Barney
2006-03-22,Natexis Banque-NY ,CD Notes,100.16,Finance,Merrill Lynch
2006-03-22,Remington Oil & GasCorp ,Equity Follow-On Offering,55.50,Oil & Gas,Jefferies & Company
2006-03-25,BP Amoco plc ,Global Notes,500.21,Oil & Gas,Morgan Stanley
2006-03-25,Canadian Imperial Bank of Commerce ,CD Notes,310.00,Finance,Merrill Lynch
2006-03-25,Societe Generale-NY ,CD Notes,300.28,Finance,Merrill Lynch
2006-03-25,Toronto Dominion Bank NY ,CD Notes,300.29,Finance,Merrill Lynch
2006-03-25,Bayerische Landesbank (New York) ,CD Notes,250.25,Finance,Morgan Stanley
2006-03-25,Nordea Bank Finland NY ,CD Notes,200.37,Finance,Merrill Lynch
2006-03-25,Union Bank of Switzerland,CD Notes,200.38,Finance,Merrill Lynch
2006-03-25,Bank of Nova Scotia ,CD Notes,150.17,Finance,Merrill Lynch
2006-03-25,Rabobank Nederland ,CD Notes,100.16,Finance,Merrill Lynch
2006-03-26,Meadwestvaco ,Sr Notes,750.11,Paper & Packaging,Merrill Lynch
2006-03-26,Abbey National Treasury Services Plc ,CD Notes,500.19,Finance,Merrill Lynch
2006-03-26,Societe Generale-NY ,CD Notes,500.20,Finance,Merrill Lynch
2006-03-26,Royal Bank of Canada ,CD Notes,450.30,Finance,Merrill Lynch
2006-03-26,Eastman Chemical Company ,Sr Notes,400.15,Chemicals,J.P. Morgan
2006-03-26,Credit Agricole New York ,CD Notes,360.00,Finance,Morgan Stanley
2006-03-26,Dexia Bank NY Branch ,CD Notes,300.26,Finance,Merrill Lynch
2006-03-26,KBC Bank Fund Trust III ,CD Notes,300.27,Finance,Merrill Lynch
2006-03-26,Lloyds Bank Plc NY ,CD Notes,250.24,Finance,Merrill Lynch
2006-03-26,Bank of Montreal-Chicago Branch ,CD Notes,200.36,Finance,Merrill Lynch
2006-03-26,Federal Farm Credit Banks ,CD Notes,190.00,Finance,Merrill Lynch
2006-03-26,Southtrust Bank Alabama ,CD Notes,150.15,Finance,Merrill Lynch
2006-03-26,Svenska-Handelsbanken ,CD Notes,150.16,Finance,Merrill Lynch
2006-03-26,The Hockey Co. ,Sr Notes,125.00,Leisure & Recreation,Jefferies & Company
2006-03-26,InVision Technologies Inc ,Equity Follow-On Offering,109.50,Professional Services,Merrill Lynch
2006-03-26,"Algemene Bank, Chicago ",CD Notes,100.15,Finance,Merrill Lynch
2006-03-26,Bank of Nova Scotia ,CD Notes,100.15,Finance,Merrill Lynch
2006-03-26,Bayerische Hypo-Und Vereinsbank,CD Notes,100.15,Finance,Merrill Lynch
2006-03-26,Credit Agricole New York ,CD Notes,100.15,Finance,Merrill Lynch
2006-03-26,"Credit Suisse First Boston, NY ",CD Notes,100.15,Finance,Merrill Lynch
2006-03-26,Rabobank Nederland ,CD Notes,100.15,Finance,Merrill Lynch
2006-03-26,Canadian Imperial Bank of Commerce ,CD Notes,80.10,Finance,Merrill Lynch
2006-03-27,Morgan Stanley Dean Witter ,Global Notes,1000.15,Finance,Morgan Stanley
2006-03-27,Credit Agricole New York ,CD Notes,625.00,Finance,Merrill Lynch
2006-03-27,Rabobank Nederland ,CD Notes,300.25,Finance,Merrill Lynch
2006-03-28,Societe Generale-NY ,CD Notes,200.35,Finance,Deutsche Bank
2006-03-28,Icon Fitness Corporation ,Sr Notes,155.00,Leisure & Recreation,Credit Suisse First Boston
2006-03-28,CDW Computer Centers Inc ,Equity Follow-On Offering,96.00,Computers & Electronics,Morgan Stanley
2006-03-28,Racing Champions Ertl Corp ,Equity Follow-On Offering,82.80,Leisure & Recreation,Robert W. Baird
2006-03-28,Forest City Enterprises Inc ,Equity Follow-On Offering,55.88,Real Estate,"McDonald Investments, Inc."
2006-04-01,Northeast Utilities ,Sr Notes,263.00,Utility,Barclays Capital
2006-04-01,Stilwell Financial Inc ,Preferred Securities,137.50,Finance,Salomon Smith Barney
2006-04-01,Cohen & Steers Income Fund,Preferred Securities,70.10,Consumer Products,Merrill Lynch
2006-04-02,Bayerische Landesbank (New York) ,CD Notes,100.15,Finance,J.P. Morgan
2006-04-02,Ibis ,Equity Follow-On Offering,13.00,Computers & Electronics,SoundView Technology Group
2006-04-03,Credit Suisse First Boston,Global Notes,750.10,Finance,Credit Suisse First Boston
2006-04-03,DTE Energy Corp ,Sr Notes,200.34,Utility,Credit Suisse First Boston
2006-04-03,Washington Mutual Bank FA ,CD Notes,150.14,Finance,J.P. Morgan
2006-04-03,FBR Asset Investment Corp ,Equity Follow-On Offering,111.60,Real Estate,"Friedman, Billings, Ramsey"
2006-04-03,Scottish Annuity & Life Holdings,Equity Follow-On Offering,109.51,Insurance,Bear Stearns
2006-04-04,Barclays Bank PLC-NY ,CD Notes,500.18,Finance,Banc of America Securities
2006-04-04,Peabody Energy Corp ,Equity Follow-On Offering,257.40,Oil & Gas,Lehman Brothers
2006-04-04,Bank One NA Illinois ,Bank Notes,100.15,Finance,Bank One Capital Markets
2006-04-04,Canadian Imperial Bk-NY Agency ,CD Notes,100.15,Finance,J.P. Morgan
2006-04-05,Federal Home Loan ,Bank Notes,350.16,Finance,Merrill Lynch
2006-04-05,Bayerische Landesbank (New York) ,CD Notes,200.31,Finance,Morgan Stanley
2006-04-05,HRPT Properties Trust ,Sr Notes,200.32,Real Estate,Wachovia Securities
2006-04-05,Landesbank Baden-Wuertemberg ,CD Notes,200.33,Finance,J.P. Morgan
2006-04-05,Lasalle Bank NA ,Bank Notes,100.14,Finance,Banc of America Securities
2006-04-05,ONB Capital Trust II ,Preferred Securities,100.15,Finance,Salomon Smith Barney
2006-04-08,Canadian Imperial Bk-NY Agency ,CD Notes,150.13,Finance,J.P. Morgan
2006-04-08,US Trust Co of New York ,CD Notes,100.14,Finance,Salomon Smith Barney
2006-04-09,Landesbank Baden-Wuertemberg ,CD Notes,1000.14,Finance,Morgan Stanley
2006-04-09,Kerr-McGee Corp. ,Global Notes,350.15,Oil & Gas,Credit Suisse First Boston
2006-04-09,Freddie Mac (FHLMC) ,Global Notes,313.00,Finance,Merrill Lynch
2006-04-09,Cross Country ,Equity Follow-On Offering,259.48,Healthcare,Merrill Lynch
2006-04-09,American Axle & Manufacturing,Equity Follow-On Offering,256.50,Transportation,Merrill Lynch
2006-04-09,Dexia Bank NY Branch ,CD Notes,188.00,Finance,Morgan Stanley
2006-04-09,InVision Technologies ,Equity Follow-On Offering,125.93,Computers & Electronics,Merrill Lynch
2006-04-09,Canadian Imperial Bk-NY Agency ,CD Notes,100.14,Finance,J.P. Morgan
2006-04-10,Rabobank Nederland NY Branch ,CD Notes,200.30,Finance,Morgan Stanley
2006-04-10,Bayerische Landesbank (New York) ,Sr Notes,100.14,Finance,Banc of America Securities
2006-04-10,Canadian Imperial Bk-NY Agency ,CD Notes,100.14,Finance,J.P. Morgan
2006-04-11,BNP Paribas NY Branch ,CD Notes,700.13,Finance,Morgan Stanley
2006-04-11,Dexia Bank NY Branch ,CD Notes,260.00,Finance,Morgan Stanley
2006-04-11,UBS AG Stamford CT ,CD Notes,225.20,Finance,Morgan Stanley
2006-04-11,Swift Energy Co. ,Sr Notes,200.29,Oil & Gas,Credit Suisse First Boston
2006-04-11,Royal Bank of Scotland-NY ,CD Notes,100.14,Finance,Banc of America Securities
2006-04-12,Duke Energy Corporation ,Sr Notes,250.23,Utility,Goldman Sachs
2006-04-12,Canadian Imperial Bk-NY Agency ,CD Notes,100.14,Finance,Banc of America Securities
2006-04-12,Duke Capital Corp. ,Notes,100.14,Finance,Goldman Sachs
2006-04-12,Lasalle Bank NA ,Bank Notes,100.14,Finance,Banc of America Securities
2006-04-12,Westpac Banking Corp NY ,Notes,100.14,Finance,J.P. Morgan
2006-04-15,Svenska Handlesbanken-NY ,CD Notes,200.28,Finance,Banc of America Securities
2006-04-15,Dexia Bank NY Branch ,CD Notes,100.13,Finance,Morgan Stanley
2006-04-16,Tuesday Morning Corp ,Equity Follow-On Offering,138.00,Retail,Lehman Brothers
2006-04-16,Bank of Scotland ,CD Notes,100.13,Finance,Banc of America Securities
2006-04-16,Westdeutsche Landesbank,CD Notes,100.13,Finance,Merrill Lynch
2006-04-17,Bank of America Corp ,Global Notes,1000.13,Finance,Banc of America Securities
2006-04-17,General Electric Capital Corporation ,Global Notes,700.12,Finance,Lehman Brothers
2006-04-17,Aramark Services Inc. Company ,Bonds,300.24,Leisure & Recreation,J.P. Morgan
2006-04-17,Bank of New York ,CD Notes,200.27,Finance,Morgan Stanley
2006-04-17,Lasalle Bank NA ,Bank Notes,100.13,Finance,Banc of America Securities
2006-04-17,West Penn Power Company ,Notes,80.00,Utility,Bank One Capital Markets
2006-04-17,Discover Bank ,CD Notes,54.79,Finance,Morgan Stanley
2006-04-18,General Electric Capital Corporation ,Global Notes,570.00,Finance,J.P. Morgan
2006-04-18,Polyone Corp ,Notes,200.26,Chemicals,Salomon Smith Barney
2006-04-18,Terex Corp ,Equity Follow-On Offering,108.75,Machinery,Credit Suisse First Boston
2006-04-18,Rabobank Nederland ,CD Notes,100.13,Finance,Merrill Lynch
2006-04-18,Key Bank NA ,Bank Notes,75.30,Finance,J.P. Morgan
2006-04-19,Canadian Imperial Bank of Commerce ,CD Notes,1200.00,Finance,Merrill Lynch
2006-04-19,Banque Centrale de Tunisie ,Global Notes,650.00,Finance,Merrill Lynch
2006-04-19,First Horizon Pharmaceutical Corp ,Equity Follow-On Offering,141.38,Healthcare,Deutsche Bank
2006-04-19,PCARS-JPM Capital ,Preferred Securities,63.78,Finance,Goldman Sachs
2006-04-22,Barclays Bank PLC-NY ,CD Notes,200.25,Finance,Merrill Lynch
2006-04-22,Banco Bilbao Vizcaya NY ,CD Notes,100.13,Finance,Merrill Lynch
2006-04-22,Canadian Imperial Bank of Commerce ,CD Notes,100.13,Finance,Merrill Lynch
2006-04-23,Heritage Property Investment Trust Inc ,Initial Public Offering,450.20,Real Estate,Merrill Lynch
2006-04-23,Northern Border Pipeline Co. ,Notes,225.10,Oil & Gas,Salomon Smith Barney
2006-04-23,Key Bank NA ,CD Notes,206.00,Finance,Merrill Lynch
2006-04-23,Barclays Bank PLC-NY ,CD Notes,180.10,Finance,Banc of America Securities
2006-04-23,"Odyssey Healthcare, Inc. ",Equity Follow-On Offering,150.81,Healthcare,Merrill Lynch
2006-04-23,El Paso Energy Partners LP ,Equity Follow-On Offering,113.58,Oil & Gas,Salomon Smith Barney
2006-04-23,Regent Communications ,Equity Follow-On Offering,78.76,Telecommunications,Robertson Stephens
2006-04-24,Canadian Imperial Bk-NY Agency ,CD Notes,500.16,Finance,Merrill Lynch
2006-04-24,United Technologies Corp. ,Notes,500.17,Computers & Electronics,Salomon Smith Barney
2006-04-24,Barclays Bank PLC-NY ,CD Notes,475.00,Finance,Merrill Lynch
2006-04-24,Landesbank Hessen-Thuringen ,CD Notes,300.21,Finance,Merrill Lynch
2006-04-24,Svenska Handlesbanken-NY ,CD Notes,300.22,Finance,Merrill Lynch
2006-04-24,Toronto Dominion Bank NY ,CD Notes,300.23,Finance,Merrill Lynch
2006-04-24,Societe Generale-NY ,CD Notes,205.00,Finance,Merrill Lynch
2006-04-24,Abbey National Treasury Services Plc ,CD Notes,200.22,Finance,Merrill Lynch
2006-04-24,Barclays Bank PLC-NY ,CD Notes,200.23,Finance,Merrill Lynch
2006-04-24,Rabobank Nederland ,CD Notes,200.24,Finance,Merrill Lynch
2006-04-24,Bank of Scotland ,CD Notes,150.12,Finance,Merrill Lynch
2006-04-24,Bayerische Landesbank (New York) ,CD Notes,100.12,Finance,Merrill Lynch
2006-04-24,Canadian Imperial Bk-NY Agency ,CD Notes,100.13,Finance,Merrill Lynch
2006-04-24,Credit Agricole New York ,CD Notes,100.13,Finance,Merrill Lynch
2006-04-24,Duquesne Light Company ,Preferred Securities,100.13,Utility,Salomon Smith Barney
2006-04-24,Lone Star Technologies Inc ,Equity Follow-On Offering,84.50,Oil & Gas,Goldman Sachs
2006-04-24,Ramco Gershenson Properties Trust ,Equity Follow-On Offering,73.50,Real Estate,Deutsche Bank
2006-04-25,Societe Generale-NY ,CD Notes,1000.12,Finance,Merrill Lynch
2006-04-25,US Bank N.A. ,Bank Notes,500.15,Finance,Merrill Lynch
2006-04-25,Valspar Corp. ,Notes,350.14,Consumer Products,J.P. Morgan
2006-04-25,Bank of Nova Scotia ,CD Notes,250.22,Finance,Merrill Lynch
2006-04-25,Norfolk Southern Corp. ,Notes,200.20,Transportation,Merrill Lynch
2006-04-25,U.S. Bank National Association ,Bank Notes,200.21,Finance,J.P. Morgan
2006-04-25,Blackrock Municipal Bond Trust ,Initial Public Offering,140.10,Finance,Salomon Smith Barney
2006-04-25,Lasalle Bank NA ,Bank Notes,100.12,Finance,Banc of America Securities
2006-04-25,Norfolk Southern Corp. ,Sr Notes,100.12,Transportation,Merrill Lynch
2006-04-25,Toronto Dominion Bank NY ,CD Notes,100.12,Finance,Merrill Lynch
2006-04-26,Landesbank Hessen-Thuringen ,CD Notes,300.19,Finance,Merrill Lynch
2006-04-26,Rabobank Nederland ,CD Notes,300.20,Finance,Merrill Lynch
2006-04-26,Canadian Imperial Bk-NY Agency ,CD Notes,200.19,Finance,Deutsche Bank
2006-04-26,Bank of Scotland ,CD Notes,100.12,Finance,Merrill Lynch
2006-04-26,Nordea Bank Finland NY ,CD Notes,100.12,Finance,Credit Suisse First Boston
2006-04-29,US Bank N.A. ,Bank Notes,500.14,Finance,Merrill Lynch
2006-04-30,Western Financial Savings Bank ,Notes,300.18,Finance,Credit Suisse First Boston
2006-05-01,Verizon New England Inc ,Preferred Securities,450.10,Telecommunications,Morgan Stanley
2006-05-01,Mills Corp ,Equity Follow-On Offering,177.13,Real Estate,Morgan Stanley
2006-05-01,Comerica Bank ,Bank Notes,100.12,Finance,Salomon Smith Barney
2006-05-02,General Electric Capital Corporation ,Global Notes,250.21,Finance,Lehman Brothers
2006-05-02,M&I Bank ,CD Notes,100.12,Finance,Merrill Lynch
2006-05-02,Bayer Hypo Vereinsbnk NY ,CD Notes,70.00,Finance,Deutsche Bank
2006-05-03,Bank of Nova Scotia ,CD Notes,100.11,Finance,J.P. Morgan
2006-05-03,Deutsche Bank AG ,CD Notes,100.12,Finance,Merrill Lynch
2006-05-03,Natexis Banque-NY ,CD Notes,100.12,Finance,J.P. Morgan
2006-05-06,General Electric Capital Corporation ,Global Notes,100.11,Finance,Salomon Smith Barney
2006-05-07,Tower Automotive Inc ,Equity Follow-On Offering,206.25,Auto/Truck,Morgan Stanley
2006-05-07,Rabobank Nederland NY Branch ,CD Notes,200.18,Finance,Morgan Stanley
2006-05-07,General Electric Capital Corporation ,Global Notes,180.00,Finance,Lehman Brothers
2006-05-07,"Landry's Restaurants, Inc. ",Equity Follow-On Offering,159.99,Retail,Robertson Stephens
2006-05-07,Dexia Bank NY Branch ,CD Notes,150.10,Finance,Morgan Stanley
2006-05-07,Private Export Funding Corporation ,Bonds,150.11,Finance,ABN AMRO
2006-05-07,AO Smith Corp ,Equity Follow-On Offering,117.33,Construction/Bldg Prods,Robert W. Baird
2006-05-07,ABN Amro Bank N.V.-Chicago ,CD Notes,100.11,Finance,Morgan Stanley
2006-05-07,Nordea Bank Finland NY ,CD Notes,100.11,Finance,J.P. Morgan
2006-05-08,Inco Ltd ,Sr Notes,400.14,Metal & Steel,Merrill Lynch
2006-05-08,Polo Ralph Lauren Corp ,Equity Follow-On Offering,291.50,Textile,Goldman Sachs
2006-05-08,UBS AG Stamford CT ,CD Notes,100.11,Finance,Morgan Stanley
2006-05-08,TTM Technologies ,Equity Follow-On Offering,61.58,Computers & Electronics,Robertson Stephens
2006-05-09,Regions Financial Corp ,Notes,600.10,Finance,J.P. Morgan
2006-05-09,Ferro Corp ,Equity Follow-On Offering,124.88,Metal & Steel,Salomon Smith Barney
2006-05-09,Bank of New York ,CD Notes,100.11,Finance,Morgan Stanley
2006-05-09,"Regent Communications, Inc. ",Equity Follow-On Offering,78.75,Broadcasting,Robertson Stephens
2006-05-10,US Bank N.A. ,Bank Notes,100.11,Finance,Merrill Lynch
2006-05-13,Charter One Bank FSB ,Notes,400.13,Finance,Lehman Brothers
2006-05-14,Bank of New York ,Sr Notes,300.17,Finance,Goldman Sachs
2006-05-14,"Coca-Cola Company, The ",Sr Notes,250.20,Food & Beverage,Goldman Sachs
2006-05-14,General Electric Capital Corporation ,Global Notes,200.17,Finance,Lehman Brothers
2006-05-14,Crescent Real EstateEquities Co. ,Preferred Securities,75.20,Real Estate,Bear Stearns
2006-05-15,U.S. Bank National Association ,Bank Notes,500.13,Finance,J.P. Morgan
2006-05-15,iStar Financial Inc ,Equity Follow-On Offering,292.50,Real Estate,Merrill Lynch
2006-05-15,General Electric Capital Corporation,Sr Notes,250.19,Finance,Deutsche Bank
2006-05-15,Verint Systems Inc ,Initial Public Offering,72.10,Computers & Electronics,Lehman Brothers
2006-05-16,Accenture Ltd ,Equity Follow-On Offering,1869.52,Computers & Electronics,Morgan Stanley
2006-05-16,Wells Fargo & Company ,Sr Notes,500.12,Finance,Goldman Sachs
2006-05-16,Heritage Property Investment Trust,Equity Follow-On Offering,450.00,Real Estate,Merrill Lynch
2006-05-16,Bayerische Landesbank (New York) ,CD Notes,250.17,Finance,Credit Suisse First Boston
2006-05-16,UBS AG Stamford CT ,CD Notes,250.18,Finance,Morgan Stanley
2006-05-16,IDEX Corporation ,Equity Follow-On Offering,207.00,Chemicals,Merrill Lynch
2006-05-16,Maverick Tube Corp ,Equity Follow-On Offering,72.50,Oil & Gas,J.P. Morgan
2006-05-17,Cumulus Media Inc ,Equity Follow-On Offering,197.50,Telecommunications,Deutsche Bank
2006-05-17,Kyphon Inc ,Initial Public Offering,90.00,Healthcare,U.S. Bancorp Piper Jaffray Inc
2006-05-21,US Bank N.A. ,Bank Notes,200.16,Finance,Credit Suisse First Boston
2006-05-21,Liquidmetal Technologies ,Initial Public Offering,75.10,Metal & Steel,Merrill Lynch
2006-05-22,JP Morgan Chase ,Notes,2000.10,Finance,J.P. Morgan
2006-05-22,Venetian Casino Resort ,Mortgage Bonds,850.00,Leisure & Recreation,Goldman Sachs
2006-05-22,Nordea Bank Finland NY ,CD Notes,250.16,Finance,Credit Suisse First Boston
2006-05-22,Netflix Inc ,Initial Public Offering,82.50,Leisure & Recreation,Merrill Lynch
2006-05-22,Capital One Bank ,CD Notes,80.80,Finance,Morgan Stanley
2006-05-23,Meridian Funding Company ,Notes,400.12,Finance,J.P. Morgan
2006-05-23,GATX Capital Corp ,Sr Notes,250.15,Finance,Salomon Smith Barney
2006-05-23,Spartech Corp ,Equity Follow-On Offering,181.50,Textile,Goldman Sachs
2006-05-23,Advanced Neuromodulation Systems,Equity Follow-On Offering,77.50,Healthcare,U.S. Bancorp Piper Jaffray Inc
2006-05-23,Apex Mortgage Capital Inc ,Equity Follow-On Offering,57.20,Real Estate,Credit Suisse First Boston
2006-05-28,Aim Select Real EstateIncome Fund ,Initial Public Offering,543.75,Finance,Salomon Smith Barney
2006-05-28,US Trust Co of New York ,CD Notes,100.11,Finance,Salomon Smith Barney
2006-05-28,World Bank,Global Notes,100.11,Foreign Agency,Morgan Stanley
2006-05-29,Discover Bank ,CD Notes,55.19,Finance,Morgan Stanley
2006-05-30,Citigroup Inc. ,Global Notes,1000.11,Finance,Salomon Smith Barney
2006-05-30,TXU Corp ,Equity Follow-On Offering,562.65,Utility,Merrill Lynch
2006-05-30,Apartment Investment & Management,Equity Follow-On Offering,371.60,Real Estate,Morgan Stanley
2006-05-30,National City Bank Indiana ,Bank Notes,300.16,Finance,Lehman Brothers
2006-05-30,Conectiv Inc. ,Notes,250.13,Utility,Morgan Stanley
2006-05-30,Falconbridge Limited ,Notes,250.14,Metal & Steel,Merrill Lynch
2006-05-30,PS Business Parks Inc ,Equity Follow-On Offering,106.33,Real Estate,Goldman Sachs
2006-05-30,America First Mortgage Investments,Equity Follow-On Offering,81.90,Real Estate,"Friedman, Billings, Ramsey"
2006-05-31,Societe Generale-NY ,CD Notes,500.11,Finance,Deutsche Bank
2006-06-03,Mellon Funding Corp ,Notes,400.11,Finance,J.P. Morgan
2006-06-03,PSE&G Energy Holdings Inc. ,Notes,135.00,Utility,Lehman Brothers
2006-06-03,Rabobank Nederland NY Branch ,CD Notes,100.10,Finance,Merrill Lynch
2006-06-03,Washington Mutual Bank FA ,Bank Notes,100.11,Finance,Deutsche Bank
2006-06-04,Union Planters Bank ,Notes,600.00,Finance,J.P. Morgan
2006-06-04,Bayerische Landesbank (New York) ,CD Notes,500.10,Finance,Deutsche Bank
2006-06-04,Activision Inc ,Equity Follow-On Offering,250.50,Computers & Electronics,Goldman Sachs
2006-06-04,Tennessee Gas Pipeline Company ,Bonds,240.00,Oil & Gas,Credit Suisse First Boston
2006-06-04,Veridian Corp ,Initial Public Offering,216.00,Computers & Electronics,Credit Suisse First Boston
2006-06-04,Robbins & Myers Inc ,Equity Follow-On Offering,58.90,Machinery,Robert W. Baird
2006-06-05,General Electric Capital Corporation ,Global Notes,1000.10,Finance,Lehman Brothers
2006-06-05,Key Bank NA ,Notes,350.13,Finance,Banc of America Securities
2006-06-05,Bank One NA Illinois Flt Rate ,Bank Notes,210.00,Finance,Bank One Capital Markets
2006-06-05,Meadowbrook InsuranceGroup Inc ,Equity Follow-On Offering,57.35,Insurance,"Friedman, Billings, Ramsey"
2006-06-06,Phelps Dodge Corp ,Equity Follow-On Offering,402.50,Metal & Steel,J.P. Morgan
2006-06-06,"Kroger Company, The ",Sr Notes,350.12,Retail,Goldman Sachs
2006-06-06,Republic of the Philippines ,Global Notes,300.15,Finance,J.P. Morgan
2006-06-06,FMC Corp ,Equity Follow-On Offering,106.11,Chemicals,Salomon Smith Barney
2006-06-06,PracticeWorks Inc ,Equity Follow-On Offering,70.11,Computers & Electronics,William Blair & Company
2006-06-06,Federal Realty Investment Trust ,Equity Follow-On Offering,50.35,Real Estate,Wachovia Securities
2006-06-07,Husky Oil Ltd. ,Sr Notes,400.10,Oil & Gas,Salomon Smith Barney
2006-06-07,Pulte Homes Inc ,Bonds,300.14,Construction/Bldg Prods,Salomon Smith Barney
2006-06-10,CIBC-NY ,CD Notes,250.12,Finance,Salomon Smith Barney
2006-06-10,Wendy's International Inc. ,Notes,225.00,Food & Beverage,Goldman Sachs
2006-06-10,JP Morgan Chase ,Bank Notes,91.00,Finance,J.P. Morgan
2006-06-11,Bank One NA Illinois Bank ,Notes,200.14,Finance,Bank One Capital Markets
2006-06-11,CNH Global NV ,Equity Follow-On Offering,200.15,Machinery,Merrill Lynch
2006-06-11,Westpac Banking Corp NY ,CD Notes,100.10,Finance,J.P. Morgan
2006-06-11,MCG Capital Corp ,Equity Follow-On Offering,54.00,Finance,"Friedman, Billings, Ramsey"
2006-06-12,Citigroup Inc. ,Global Notes,1250.10,Finance,Salomon Smith Barney
2006-06-12,Brascan Corp ,Notes,350.11,Real Estate,Credit Suisse First Boston
2006-06-12,Westpac Banking Corp NY ,CD Notes,100.10,Finance,J.P. Morgan
2006-06-13,"Merrill Lynch & Co., Inc. ",Sr Notes,3000.00,Finance,Merrill Lynch
2006-06-13,General Electric Capital Corporation,Preferred Securities,1000.00,Finance,Salomon Smith Barney
2006-06-13,Georgia Power Capital Trust V ,Preferred Securities,400.00,Finance,Morgan Stanley
2006-06-13,"Fleming Companies, Inc. ",Sr Notes,200.12,Retail,Deutsche Bank
2006-06-13,Methanex Corporation ,Sr Notes,200.13,Chemicals,Goldman Sachs
2006-06-13,Chelsea Property Group ,Bonds,100.10,Real Estate,Banc of America Securities
2006-06-13,National City Bank ,Bank Notes,75.00,Finance,J.P. Morgan
2006-06-13,Pan Pacific RetailProperties Inc. ,Notes,55.00,Real Estate,Credit Suisse First Boston
2006-06-14,United Dominion Realty Trust Inc. ,Sr Notes,150.00,Real Estate,Goldman Sachs
2006-06-17,Key Bank NA ,Sr Notes,250.11,Finance,Bear Stearns
2006-06-17,St. Joe Co ,Equity Follow-On Offering,203.00,Paper & Packaging,Morgan Stanley
2006-06-17,ProQuest Co ,Equity Follow-On Offering,180.54,Computers & Electronics,Credit Suisse First Boston
2006-06-17,Linens 'n Things Inc ,Equity Follow-On Offering,101.97,Retail,Credit Suisse First Boston
2006-06-17,Hub International Ltd ,Equity Follow-On Offering,84.00,Insurance,J.P. Morgan
2006-06-18,"Noranda, Inc. ",Sr Notes,300.13,Metal & Steel,Deutsche Bank
2006-06-18,SwedBank- New York ,CD Notes,200.11,Finance,Merrill Lynch
2006-06-18,Westpac Banking Corp NY ,CD Notes,100.10,Finance,Merrill Lynch
2006-06-19,Canadian Imperial Bk-NY Agency ,CD Notes,500.00,Finance,Merrill Lynch
2006-06-19,Westdeutsche Landesbank,CD Notes,350.10,Finance,Merrill Lynch
2006-06-19,Comerica Bank ,CD Notes,300.11,Finance,Merrill Lynch
2006-06-19,Consolidated Edison Inc. ,Notes,300.12,Utility,Salomon Smith Barney
2006-06-20,MBNA Capital Securities D ,Preferred Securities,300.10,Finance,Salomon Smith Barney
2006-06-20,Anworth Mortgage Asset Corp ,Equity Follow-On Offering,117.00,Real Estate,"Friedman, Billings, Ramsey"
2006-06-21,Alabama Power Company ,Sr Notes,350.00,Utility,Lehman Brothers
2006-06-21,Sears Roebuck Acceptance Corp ,Sr Notes,250.10,Finance,Merrill Lynch
2006-06-21,DQE Inc ,Equity Follow-On Offering,202.50,Utility,Lehman Brothers
2006-06-21,MassMutual ,Global Notes,200.10,Finance,Morgan Stanley
2006-06-21,Conceptus Inc ,Equity Follow-On Offering,72.00,Healthcare,UBS Warburg
